"meanfreq","sd","median","Q25","Q75","IQR","skew","kurt","sp.ent","sfm","mode","centroid","meanfun","minfun","maxfun","meandom","mindom","maxdom","dfrange","modindx","label"
0.0597809849598081,0.0642412677031359,0.032026913372582,0.0150714886459209,0.0901934398654331,0.0751219512195122,12.8634618371626,274.402905502067,0.893369416700807,0.491917766397811,0,0.0597809849598081,0.084279106440321,0.0157016683022571,0.275862068965517,0.0078125,0.0078125,0.0078125,0,0,"male"
0.066008740387572,0.0673100287952527,0.040228734810579,0.0194138670478914,0.0926661901358113,0.0732523230879199,22.4232853628204,634.613854542068,0.892193242265734,0.513723842537073,0,0.066008740387572,0.107936553670454,0.0158259149357072,0.25,0.00901442307692308,0.0078125,0.0546875,0.046875,0.0526315789473684,"male"
0.0773155026958227,0.0838294209445061,0.0367184586699814,0.00870105655686762,0.131908017402113,0.123206960845246,30.7571545800584,1024.927704721,0.846389091878782,0.478904979116727,0,0.0773155026958227,0.0987062615673936,0.0156555772994129,0.271186440677966,0.00799005681818182,0.0078125,0.015625,0.0078125,0.0465116279069767,"male"
0.151228091724635,0.0721105872627985,0.158011187072716,0.0965817277812306,0.207955251709136,0.111373523927906,1.23283127554372,4.17729621025317,0.963322461535984,0.727231798861951,0.0838781852082039,0.151228091724635,0.0889648485504597,0.017797552836485,0.25,0.201497395833333,0.0078125,0.5625,0.5546875,0.247119078104994,"male"
0.135120387296677,0.0791461004935869,0.124656228727025,0.0787202178352621,0.206044928522805,0.127324710687543,1.10117366551545,4.3337131547091,0.971955076212905,0.783568057553871,0.1042614023145,0.135120387296677,0.106397844620363,0.0169312169312169,0.266666666666667,0.7128125,0.0078125,5.484375,5.4765625,0.208273894436519,"male"
0.132786407306188,0.0795568659729794,0.119089848308051,0.0679579929988331,0.209591598599767,0.141633605600933,1.93256243208397,8.30889503672364,0.96318134631677,0.73830700448564,0.112555425904317,0.132786407306188,0.110131920122721,0.0171122994652406,0.253968253968254,0.298221982758621,0.0078125,2.7265625,2.71875,0.125159642401022,"male"
0.150762330177465,0.0744632052034133,0.160106382978723,0.0928989361702128,0.205718085106383,0.11281914893617,1.53064323137138,5.98749765804991,0.967573069931702,0.762637670276566,0.0861968085106383,0.150762330177465,0.105944515254121,0.0262295081967213,0.266666666666667,0.479619565217391,0.0078125,5.3125,5.3046875,0.123991864787152,"male"
0.160514332166817,0.0767668848761485,0.144336775218427,0.110532168387609,0.231961874503574,0.121429706115965,1.39715636508704,4.76661069503212,0.959254569785851,0.719857907046562,0.128324066719619,0.160514332166817,0.093052430337196,0.0177580466148724,0.144144144144144,0.301339285714286,0.0078125,0.5390625,0.53125,0.28393665158371,"male"
0.142239416807037,0.0780184624458836,0.138587443946188,0.0882062780269058,0.208587443946188,0.120381165919283,1.09974615121553,4.07028370586557,0.97072293218034,0.770992054490076,0.219103139013453,0.142239416807037,0.0967289462068476,0.0179573512906846,0.25,0.336476293103448,0.0078125,2.1640625,2.15625,0.148272017837235,"male"
0.134328777309825,0.0803500276143771,0.121451346893898,0.0755799890049478,0.201957119296317,0.126377130291369,1.19036844433836,4.78730983303407,0.975246142524797,0.804505253038031,0.011698735568994,0.134328777309825,0.105880926304665,0.0193003618817853,0.262295081967213,0.340364583333333,0.015625,4.6953125,4.6796875,0.0899199815784929,"male"
0.157020511056795,0.0719429306811688,0.168160152526215,0.101429933269781,0.2167397521449,0.115309818875119,0.97944227542161,3.97422262552131,0.96524913928741,0.733692877928757,0.0963584366062917,0.157020511056795,0.0888939829948002,0.0220689655172414,0.117647058823529,0.460227272727273,0.0078125,2.8125,2.8046875,0.2,"male"
0.138550521389033,0.0770539929982884,0.127526595744681,0.087313829787234,0.202739361702128,0.115425531914894,1.62676986679461,6.29136507870849,0.966003775055692,0.752042012692436,0.0121010638297872,0.138550521389033,0.104199318686673,0.0191387559808612,0.262295081967213,0.24609375,0.0078125,2.71875,2.7109375,0.132351371544455,"male"
0.137342741880723,0.0808767069335911,0.124262508122157,0.0831448992852502,0.209226770630279,0.126081871345029,1.37872820350982,5.00895162500433,0.96351352778845,0.736149955067445,0.108434048083171,0.137342741880723,0.0926440193108201,0.0167890870933893,0.213333333333333,0.481670673076923,0.015625,5.015625,5,0.0885,"male"
0.181225459373767,0.0600420545194889,0.190953206239168,0.128838821490468,0.229532062391681,0.100693240901213,1.36943045758527,5.47559978801453,0.937445760468646,0.537079994941026,0.219826689774697,0.181225459373767,0.131503722276956,0.025,0.275862068965517,1.27711397058824,0.0078125,2.8046875,2.796875,0.416550279329609,"male"
0.183115280687352,0.0669823503730641,0.191232528589581,0.129148665819568,0.240152477763659,0.111003811944091,3.56810402353109,35.3847484526494,0.940332622910243,0.57139420151872,0.049987293519695,0.183115280687352,0.102798695064569,0.0208333333333333,0.275862068965517,1.24573863636364,0.203125,6.7421875,6.5390625,0.139331767807852,"male"
0.174272105181833,0.0694110453235828,0.190874106652007,0.115601979109401,0.228279274326553,0.112677295217152,4.48503835015822,61.7649083141473,0.950972024663856,0.635199178449614,0.0500274876305662,0.174272105181833,0.102045991451092,0.0183276059564719,0.246153846153846,1.62129934210526,0.0078125,7,6.9921875,0.209310986964618,"male"
0.190846297652897,0.0657902823878029,0.207950987066031,0.132280462899932,0.244356705241661,0.112076242341729,1.56230368302863,7.83434988641618,0.938546013440116,0.538809584118407,0.0501293396868618,0.190846297652897,0.113322801479182,0.0175438596491228,0.275862068965517,1.43411458333333,0.0078125,6.3203125,6.3125,0.25477978832366,"male"
0.171246971349986,0.074871569699177,0.152806652806653,0.122390852390852,0.243617463617464,0.121226611226611,3.20716982695899,25.765564944839,0.936953536867586,0.586419514172829,0.05995841995842,0.171246971349986,0.0797183122032528,0.0156709108716944,0.262295081967213,0.106279481132075,0.0078125,0.5703125,0.5625,0.138354700854701,"male"
0.168345946168349,0.074120817065231,0.145618471687741,0.115755909840572,0.239824079164376,0.124068169323804,2.70433472872787,18.4847025968934,0.934523379604557,0.55974231826604,0.0600329851566795,0.168345946168349,0.0834840221276007,0.0157170923379175,0.231884057971014,0.1465625,0.0078125,3.125,3.1171875,0.0595365965935246,"male"
0.173631376053858,0.073351512008514,0.153568557391693,0.12368021438142,0.244234033050469,0.120553818669049,2.80497488480386,20.8575431560588,0.930916892819773,0.518268556530761,0.0600267976775346,0.173631376053858,0.0901295386406535,0.0157016683022571,0.210526315789474,0.19304435483871,0.0078125,2.8203125,2.8125,0.0681238615664845,"male"
0.172754287202847,0.0769025830140396,0.177736289381564,0.120070011668611,0.24536756126021,0.125297549591599,2.96776509333623,20.0781146980326,0.925539326979812,0.523081122573219,0.059953325554259,0.172754287202847,0.0935735125050573,0.0157635467980296,0.2,0.235877403846154,0.0078125,0.71875,0.7109375,0.235069278547539,"male"
0.181015393833521,0.0743693038331353,0.169298813376483,0.128673139158576,0.254174757281553,0.125501618122977,2.58732453355436,12.2814319226622,0.915284119626616,0.475317470815803,0.0599568500539374,0.181015393833521,0.0986434101933255,0.0161453077699294,0.275862068965517,0.20984375,0.0078125,3.6953125,3.6875,0.0599399717514124,"male"
0.163535853470868,0.072448898313093,0.145542521994135,0.113929618768328,0.227448680351906,0.113519061583578,3.58764999004366,28.6537805052841,0.927014678290766,0.542422403541936,0.059941348973607,0.163535853470868,0.0625416438604246,0.0156862745098039,0.197530864197531,0.0596217105263158,0.0078125,0.4453125,0.4375,0.0916988416988417,"male"
0.170212797508261,0.0751049460722898,0.1460529986053,0.123988842398884,0.250125523012552,0.126136680613668,2.81679291835158,13.7645822009404,0.913832253608624,0.487965715691965,0.0599442119944212,0.170212797508261,0.0776984149257884,0.0157016683022571,0.192771084337349,0.1015625,0.0078125,0.5625,0.5546875,0.16179126038281,"male"
0.160422476518119,0.0766147644560479,0.144823805794832,0.120924040720439,0.237243539545811,0.116319498825372,6.25320825198848,85.4919256914162,0.933029647028206,0.567423613537129,0.0600783085356304,0.160422476518119,0.0989441461784293,0.0160965794768612,0.275862068965517,0.206756161971831,0.0078125,3.953125,3.9453125,0.0738896746817539,"male"
0.164699838046527,0.07536177235918,0.147018469656992,0.118698328935796,0.240474934036939,0.121776605101143,4.20860840517055,43.6818854251652,0.940668790234324,0.604020485106291,0.0599648197009675,0.164699838046527,0.0829626113523638,0.0156402737047898,0.253968253968254,0.143353174603175,0.0078125,1.0625,1.0546875,0.125925925925926,"male"
0.169578801414252,0.0756345139572698,0.186467576791809,0.116706484641638,0.238549488054608,0.121843003412969,4.26992267782145,45.895247817628,0.929498042215949,0.543708544075529,0.0599658703071672,0.169578801414252,0.0824513207182936,0.0162107396149949,0.271186440677966,0.1484375,0.0078125,3.609375,3.6015625,0.0508405639913232,"male"
0.169021003926254,0.0717781520946695,0.143168482816429,0.12580050293378,0.248315171835708,0.122514668901928,3.07927339517432,14.3402988428128,0.902275256056735,0.477745723075478,0.128147527242246,0.169021003926254,0.130598327687847,0.0158415841584158,0.225352112676056,0.3353125,0.0078125,0.7109375,0.703125,0.397354497354497,"male"
0.167340238692684,0.0728412302318368,0.141739130434783,0.122173913043478,0.24,0.117826086956522,2.19212624568844,8.1524097848739,0.913763493306731,0.539479089755153,0.134782608695652,0.167340238692684,0.120052183696988,0.016243654822335,0.262295081967213,0.298677884615385,0.0078125,0.6796875,0.671875,0.384778012684989,"male"
0.180527821446414,0.0708669980737599,0.142385321100917,0.12954128440367,0.252477064220184,0.122935779816514,2.79996894420966,12.1903605225796,0.853114893695345,0.313426449697903,0.133577981651376,0.180527821446414,0.126607440767276,0.0170394036208733,0.177777777777778,0.23486328125,0.0078125,0.5078125,0.5,0.329241071428571,"male"
0.153039047583376,0.0740311299735897,0.158064516129032,0.0927311827956989,0.214365591397849,0.121634408602151,0.885701647564837,3.52398185555844,0.973217841619629,0.807551708402321,0.216774193548387,0.153039047583376,0.067407498731641,0.016260162601626,0.205128205128205,0.2615625,0.0078125,1.0234375,1.015625,0.191346153846154,"male"
0.166659498779566,0.075961167558551,0.142781456953642,0.122075055187638,0.245077262693157,0.123002207505519,3.28184796412453,16.6194816902798,0.915784869319231,0.560406695288123,0.127019867549669,0.166659498779566,0.127719891241989,0.0172786177105832,0.275862068965517,0.274502840909091,0.0078125,0.6328125,0.625,0.3325,"male"
0.175659428789724,0.0716515330560574,0.144191616766467,0.131057884231537,0.256526946107784,0.125469061876248,3.7364872838807,21.6666687322304,0.87674895524559,0.403909559814853,0.134411177644711,0.175659428789724,0.132726095827914,0.0165631469979296,0.228571428571429,0.2578125,0.0078125,0.6484375,0.640625,0.203436807095344,"male"
0.174825733261765,0.0715328311457178,0.146470588235294,0.123529411764706,0.247058823529412,0.123529411764706,2.57673204167683,10.1101248635807,0.875391518945669,0.436706209991643,0.12,0.174825733261765,0.124684801647241,0.0167539267015707,0.25,0.799005681818182,0.0078125,4.171875,4.1640625,0.205816135084428,"male"
0.174064613695703,0.073121843993196,0.140183486238532,0.127706422018349,0.252844036697248,0.125137614678899,3.26303975514635,16.4240546533024,0.875611110757132,0.414838884375256,0.133211009174312,0.174064613695703,0.124533185752238,0.0163432073544433,0.231884057971014,0.244944852941176,0.0078125,0.6328125,0.625,0.4225,"male"
0.159530491241504,0.0752731037758217,0.146853146853147,0.121398601398601,0.239370629370629,0.117972027972028,1.99350051635909,6.87035117730035,0.921132352978294,0.58253102166607,0.133636363636364,0.159530491241504,0.120254421255631,0.0184119677790564,0.168421052631579,0.372869318181818,0.0078125,2.609375,2.6015625,0.216816816816817,"male"
0.167648361378834,0.067219927332567,0.15723951285521,0.136021650879567,0.209526387009472,0.0735047361299053,1.93606512957553,6.33462579919017,0.903982304886457,0.48288605004274,0.134506089309878,0.167648361378834,0.14274825093861,0.0166147455867082,0.262295081967213,0.239583333333333,0.0078125,0.6015625,0.59375,0.347587719298246,"male"
0.172436385879824,0.0715045425033091,0.145620437956204,0.132846715328467,0.252408759124088,0.11956204379562,4.50444054120607,31.0784170212519,0.878206881380586,0.470044350040893,0.135912408759124,0.172436385879824,0.138903871454975,0.121212121212121,0.172043010752688,0.2609375,0.1328125,0.5546875,0.421875,0.232510288065844,"male"
0.162981115748587,0.0659523320391401,0.142770663562282,0.134295692665891,0.206984866123399,0.0726891734575087,4.34483833752222,26.5896054771146,0.869835695985953,0.429785658616844,0.13755529685681,0.162981115748587,0.131376326043577,0.0167714884696017,0.181818181818182,0.187890625,0.0078125,0.6875,0.6796875,0.255427841634738,"male"
0.170209847645069,0.0720230083476475,0.146003898635478,0.128810916179337,0.24588693957115,0.117076023391813,2.74595133817315,11.7842974325439,0.911850752503152,0.514600668174849,0.132358674463938,0.170209847645069,0.127529186441539,0.0161616161616162,0.25,0.328464673913043,0.0078125,0.9140625,0.90625,0.171551724137931,"male"
0.171400807336282,0.0684281385770345,0.145321955003879,0.131202482544608,0.24611326609775,0.114910783553142,2.9304399719962,13.7261348171167,0.893569584640594,0.42425444839283,0.137067494181536,0.171400807336282,0.141183374968156,0.0158415841584158,0.262295081967213,0.313657407407407,0.0078125,0.6953125,0.6875,0.273221343873518,"male"
0.146886153673949,0.0681608164090999,0.121466749533872,0.0971037911746426,0.213349906774394,0.116246115599751,2.60339414672349,13.2658509847965,0.940658898446483,0.611977348854841,0.121292728402735,0.146886153673949,0.0815637605876064,0.0159362549800797,0.242424242424242,0.346768465909091,0.0078125,4.1796875,4.171875,0.0950701158435676,"male"
0.16676378549101,0.06448851603386,0.160123647604328,0.116846986089645,0.229582689335394,0.11273570324575,2.11720304242108,8.93917620720334,0.937848763267474,0.592123294220865,0.121391035548686,0.16676378549101,0.101681481312411,0.0156402737047898,0.253968253968254,0.41953125,0.0078125,2.8203125,2.8125,0.0995726495726496,"male"
0.15369186058473,0.0664958590051702,0.145158831003812,0.0990851334180432,0.21151207115629,0.112426937738246,2.35259390850293,13.9079320272048,0.946349009357573,0.62927157286556,0.121321473951715,0.15369186058473,0.0955971184790345,0.0159203980099502,0.242424242424242,0.607610887096774,0.0859375,4.7265625,4.640625,0.120310245310245,"male"
0.168011338642239,0.0688734014235488,0.16791788856305,0.115982404692082,0.228064516129032,0.11208211143695,2.31962625805316,8.56421827295169,0.92652154099124,0.567620972051409,0.121319648093842,0.168011338642239,0.101718928392445,0.016,0.262295081967213,0.204152960526316,0.0078125,0.625,0.6171875,0.231953472459802,"male"
0.148281382593677,0.0681171836825027,0.129892780557541,0.094867762687634,0.200343102215868,0.105475339528234,3.26847494565386,22.8964449095253,0.942626112443593,0.635852982521046,0.121286633309507,0.148281382593677,0.0975316074241821,0.0158102766798419,0.275862068965517,0.715745192307692,0.0078125,5.2265625,5.21875,0.139221556886228,"male"
0.158595955363442,0.0662166523960017,0.133302217036173,0.111085180863477,0.224457409568261,0.113372228704784,3.01916419498691,17.5364251271974,0.932415159215677,0.567913489370427,0.121213535589265,0.158595955363442,0.0804598268608848,0.0160642570281125,0.266666666666667,0.264128989361702,0.0078125,1.3359375,1.328125,0.182097186700767,"male"
0.163643181592107,0.0700307165058564,0.144121110176619,0.110681244743482,0.227485281749369,0.116804037005887,1.69952875409686,7.62875603602875,0.948383439758033,0.632579315186476,0.121278385197645,0.163643181592107,0.0555653493134555,0.0162767039674466,0.213333333333333,0.162642045454545,0.03125,0.671875,0.640625,0.116234756097561,"male"
0.158656925362715,0.0675640574033461,0.161061946902655,0.104452008168822,0.219196732471069,0.114744724302246,1.93966253253269,8.2038320801542,0.942189912738613,0.61357816263411,0.121225323349217,0.158656925362715,0.101394916344673,0.0157790927021696,0.275862068965517,0.467797256097561,0.0078125,6.8828125,6.875,0.0909375,"male"
0.137892820110534,0.0724206626991024,0.119852398523985,0.0865313653136531,0.20070110701107,0.114169741697417,2.01099330245147,10.2620740441014,0.963294372566666,0.72704722444664,0.0599261992619926,0.137892820110534,0.0763074182909643,0.0162107396149949,0.128,0.505859375,0.03125,4.6640625,4.6328125,0.17303728686528,"male"
0.142715585277193,0.0741635911070786,0.127850098619329,0.0889151873767258,0.206272189349112,0.117357001972387,1.55226944031081,7.23018794624159,0.96668487246705,0.753187641555649,0.0601972386587771,0.142715585277193,0.0988725568207706,0.0187353629976581,0.207792207792208,0.853298611111111,0.0078125,4.6640625,4.65625,0.212988551125148,"male"
0.135052913878465,0.0720951469733061,0.112927012791573,0.0876448457486832,0.200361173814898,0.112716328066215,3.42177943711039,19.133217298205,0.94841734740265,0.682987712276421,0.102603461249059,0.135052913878465,0.0907510578606786,0.0172413793103448,0.2,0.6153125,0.015625,4.4453125,4.4296875,0.217151675485009,"male"
0.141460760257104,0.0728613947386807,0.124879288437103,0.0907242693773825,0.201194409148666,0.110470139771283,2.26411498679544,13.082296797808,0.964872908622973,0.734290426512105,0.0601270648030496,0.141460760257104,0.101394760053795,0.0217983651226158,0.235294117647059,0.896282327586207,0.0078125,5.15625,5.1484375,0.239138987242174,"male"
0.141280115203801,0.0744040482139112,0.134206170052671,0.090594431903687,0.202046651617758,0.111452219714071,2.05255065694371,10.9413056776317,0.966588204581212,0.74479987138667,0.0600451467268623,0.141280115203801,0.10931955897609,0.0267111853088481,0.228571428571429,0.9746875,0.0390625,5.828125,5.7890625,0.168016194331984,"male"
0.153851203359432,0.0721915752596513,0.144592094196804,0.102439024390244,0.219478553406224,0.11703952901598,1.75889252007927,7.13243844742965,0.954710868672162,0.684616797026876,0.0600504625735913,0.153851203359432,0.112256409519415,0.0247295208655332,0.275862068965517,0.628700657894737,0.0078125,2.703125,2.6953125,0.206763285024155,"male"
0.145640704681931,0.0770064086929372,0.137947214076246,0.0878592375366569,0.211847507331378,0.123988269794721,2.11148056512312,11.535716113987,0.964925488156434,0.739368356701704,0.059941348973607,0.145640704681931,0.103669506141437,0.0156709108716944,0.275862068965517,0.920479910714286,0.0078125,5.4296875,5.421875,0.270946739246451,"male"
0.144858406886277,0.0765918167013432,0.135571776155718,0.0906082725060827,0.207615571776156,0.117007299270073,2.79750193531362,29.5536466011573,0.971907406104481,0.763638169219775,0.0599513381995134,0.144858406886277,0.103249560132626,0.0212765957446809,0.266666666666667,0.791666666666667,0.0078125,4.9921875,4.984375,0.15967868338558,"male"
0.1216833625632,0.0868501117349966,0.118237045860631,0.0306849315068493,0.215294818344253,0.184609886837403,2.06232405611288,8.46557351258193,0.931660688865409,0.549217694223937,0.117903513996426,0.1216833625632,0.13088752476873,0.0203562340966921,0.271186440677966,0.583417338709677,0.0078125,3.7265625,3.71875,0.253221288515406,"male"
0.135649932073862,0.0864123306246186,0.126722454672245,0.0499860529986053,0.22884239888424,0.178856345885635,1.38827632817114,5.00901654957381,0.952514069366967,0.659813835802707,0.114811715481172,0.135649932073862,0.134314212930999,0.0608365019011407,0.25,1.10875,0.0078125,4.296875,4.2890625,0.369266434840205,"male"
0.100399417117533,0.0728345701003321,0.0817251755265797,0.0440922768304915,0.144353059177533,0.100260782347041,0.529583803021651,2.06845549084691,0.970194162362047,0.754552205497176,0.0116549648946841,0.100399417117533,0.11735932113776,0.0159362549800797,0.262295081967213,1.08675986842105,0.0078125,4.34375,4.3359375,0.344864864864865,"male"
0.12508754695446,0.0801166950891679,0.114191121143717,0.057306245297216,0.201414597441685,0.14410835214447,2.37738965557555,10.5507201690624,0.948495928287016,0.670633007622952,0.111873589164786,0.12508754695446,0.114742725576693,0.024390243902439,0.271186440677966,0.560032894736842,0.0078125,4.296875,4.2890625,0.226674762193888,"male"
0.143486162153973,0.0702754867948053,0.123868797308663,0.101732548359966,0.211236333052986,0.109503784693019,1.79319973398601,6.66153340160363,0.94227858675817,0.610170821147553,0.106442388561817,0.143486162153973,0.120815368736238,0.0333333333333333,0.266666666666667,1.11666666666667,0.09375,4.5625,4.46875,0.350322754168908,"male"
0.14319682986112,0.0854473875242978,0.125352798053528,0.0962287104622871,0.232652068126521,0.136423357664234,1.93612653249502,7.98910074598777,0.940729133800901,0.585174796010377,0.1130900243309,0.14319682986112,0.110260302595747,0.0272572402044293,0.262295081967213,0.652777777777778,0.0078125,4.5703125,4.5625,0.187397260273973,"male"
0.145532381420409,0.0878640432205773,0.129720597790773,0.0889668615984405,0.233788174139051,0.144821312540611,1.45879883710548,5.01037936581563,0.946595365907053,0.621392074284665,0.115893437296946,0.145532381420409,0.103803136925715,0.0156862745098039,0.275862068965517,0.706341911764706,0.0078125,4.9765625,4.96875,0.166809605488851,"male"
0.162065429308294,0.0844322911533756,0.143149015932521,0.112314901593252,0.249428303655108,0.137113402061856,1.57856328154211,5.17944880620017,0.943404669169362,0.595127963745333,0.268978444236176,0.162065429308294,0.117022268767263,0.0165289256198347,0.25,0.599144345238095,0.0078125,4.578125,4.5703125,0.189217619986851,"male"
0.142961232796001,0.0831068991458666,0.129292351679771,0.0980700500357398,0.228162973552538,0.130092923516798,1.8311675750313,7.15876510369278,0.94613405850388,0.63168897611793,0.112480343102216,0.142961232796001,0.13173357253806,0.0540540540540541,0.25,0.410546875,0.0078125,2.71875,2.7109375,0.156377976641893,"male"
0.141153447129287,0.0809221885487419,0.124304932735426,0.097152466367713,0.222242152466368,0.125089686098655,1.72429783691408,6.31351650571832,0.949958896074419,0.646653046655136,0.109394618834081,0.141153447129287,0.117297835854505,0.0188679245283019,0.258064516129032,0.639616935483871,0.0078125,4.0625,4.0546875,0.187230084379775,"male"
0.167334035283754,0.0471777270724341,0.161802154750245,0.135475024485798,0.180724779627816,0.0452497551420176,3.96190836177922,24.4196217902512,0.880375252961873,0.3443073116067,0.166190009794319,0.167334035283754,0.141810406232866,0.0160320641282565,0.253968253968254,0.578125,0.125,6.921875,6.796875,0.0216475095785441,"male"
0.167850312282449,0.0525935888163759,0.163262195121951,0.128475609756098,0.190365853658537,0.061890243902439,1.91922952288693,7.13132875296795,0.920512709135618,0.403865807679151,0.166890243902439,0.167850312282449,0.121546253854253,0.0159521435692921,0.262295081967213,0.813179347826087,0.0703125,6.5703125,6.5,0.0741887019230769,"male"
0.185098438684619,0.0542894418494253,0.176771888028588,0.146420488385944,0.216628945801072,0.0702084574151281,1.60173918007492,5.22378633231316,0.910320915421661,0.358023072563759,0.16526503871352,0.185098438684619,0.130983327622666,0.0161616161616162,0.266666666666667,0.568287037037037,0.0078125,5.140625,5.1328125,0.0958269913749366,"male"
0.167761537790356,0.0588833701350998,0.159934029686641,0.125607476635514,0.20087960417812,0.0752721275426058,2.5315003959173,11.509485432073,0.923640118952189,0.485117754269874,0.126838922484882,0.167761537790356,0.1320890637034,0.018539976825029,0.253968253968254,1.04851973684211,0.0078125,6.84375,6.8359375,0.0583736263736264,"male"
0.171093501653115,0.0612867349981597,0.148691380080393,0.125556051808843,0.233479231799911,0.107923179991067,2.78959335289853,13.5375145580191,0.909836671133718,0.395328165630673,0.129557838320679,0.171093501653115,0.13207536515551,0.0261865793780687,0.20253164556962,0.299278846153846,0.0078125,0.6796875,0.671875,0.201550387596899,"male"
0.167083053910901,0.064425673155566,0.181705115346038,0.107562688064193,0.22074222668004,0.113179538615848,1.87094352607392,8.38155714226313,0.934858125709794,0.520926005382184,0.0922567703109328,0.167083053910901,0.102626438195762,0.0208333333333333,0.25,0.637834821428571,0.21875,5.203125,4.984375,0.0219435736677116,"male"
0.20083014539431,0.0530662165930793,0.210058873002523,0.185332211942809,0.236198486122792,0.0508662741799832,1.8409014437451,6.00680090852534,0.90768313565949,0.386818468509047,0,0.20083014539431,0.165155381420022,0.0157635467980296,0.271186440677966,1.06705729166667,0.0703125,5.59375,5.5234375,0.336376494792336,"male"
0.137095643270578,0.0666331530936985,0.102873481057898,0.08506075768406,0.197140814867763,0.112080057183703,4.07821685957896,25.6632155852881,0.912215761347456,0.507886201371768,0.0842601858470336,0.137095643270578,0.0811647388389725,0.0166666666666667,0.262295081967213,0.1953125,0.0078125,2.171875,2.1640625,0.0460600024897299,"male"
0.190324562906176,0.051695723784456,0.19141041931385,0.156899618805591,0.220584498094028,0.0636848792884371,1.46185880599714,5.36031892746946,0.918001245398101,0.362344275917002,0,0.190324562906176,0.152012544664004,0.0211360634081902,0.246153846153846,0.884548611111111,0.0078125,6.71875,6.7109375,0.211734575087311,"male"
0.187139453483911,0.0564994065292902,0.176109384711001,0.143045369794904,0.247632069608452,0.104586699813549,1.41115331420118,4.14930167495286,0.902246986812632,0.29859947711039,0.166190180236172,0.187139453483911,0.138197601338005,0.0166840458811262,0.231884057971014,0.801339285714286,0.125,6.640625,6.515625,0.127006087437742,"male"
0.184354869291192,0.0554939410737674,0.183430656934307,0.150900243309002,0.226350364963504,0.0754501216545012,1.58801385845839,8.99004820263446,0.932834786456933,0.427755254431282,0,0.184354869291192,0.133717449833834,0.0185185185185185,0.266666666666667,1.795625,0.0078125,7,6.9921875,0.316103959193588,"male"
0.200041812028846,0.0558151307540881,0.210792138177487,0.166599166170339,0.243478260869565,0.0768790946992257,2.92678070486473,15.2537868036281,0.91463401181047,0.41291946642458,0.240643240023824,0.200041812028846,0.159106930950445,0.0201005025125628,0.266666666666667,0.62265625,0.15625,6.390625,6.234375,0.11974380395433,"male"
0.175681867819703,0.0555240942410045,0.173151025481666,0.148266003729024,0.215090118085768,0.0668241143567433,1.75985294357146,6.47136396714154,0.934060669486303,0.512562248242612,0,0.175681867819703,0.149386704207801,0.0199004975124378,0.253968253968254,0.807112068965517,0.0078125,6.5625,6.5546875,0.190490379703729,"male"
0.184850896798643,0.0624467269899979,0.189809402795426,0.133773824650572,0.238551461245235,0.104777636594663,1.66106084563213,10.8941078623779,0.934323373598972,0.467826477895353,0,0.184850896798643,0.139378257554087,0.0250783699059561,0.275862068965517,1.7525,0.078125,6.7265625,6.6484375,0.349767536913095,"male"
0.182630135265638,0.0489745492411649,0.17661800486618,0.152603406326034,0.20948905109489,0.0568856447688564,1.62857886577027,5.58683713796005,0.907214973472529,0.302814313607781,0.185474452554745,0.182630135265638,0.147350976702408,0.0199004975124378,0.262295081967213,1.036865234375,0.140625,6.8203125,6.6796875,0.205847953216374,"male"
0.196463262275326,0.0576063825191244,0.204407064760303,0.156131202691337,0.248444070647603,0.0923128679562658,1.19704061591933,4.10999367917313,0.922524307014462,0.394561292231038,0,0.196463262275326,0.168037875611255,0.018140589569161,0.275862068965517,1.09512867647059,0.1484375,6.59375,6.4453125,0.259015151515152,"male"
0.191310915373492,0.0571228135883435,0.2087747957993,0.139673278879813,0.235239206534422,0.0955659276546091,6.99504548177362,112.647988386108,0.907622146839965,0.319069057702,0.0900116686114352,0.191310915373492,0.0805950835937903,0.0157170923379175,0.225352112676056,0.160571808510638,0.09375,0.4296875,0.3359375,0.14206268958544,"male"
0.196006020482155,0.0539300618368792,0.203383897316219,0.154049008168028,0.239323220536756,0.0852742123687281,4.03826346688651,50.5914623889424,0.927145396977164,0.296277119605852,0.0900116686114352,0.196006020482155,0.0810174945556461,0.0158102766798419,0.195121951219512,0.147273936170213,0.09375,0.375,0.28125,0.176328502415459,"male"
0.19146168226457,0.0518621796858627,0.202495126705653,0.153190383365822,0.22869395711501,0.0755035737491878,4.19650954831034,45.8641606224434,0.912414047954098,0.284872222629584,0.0900584795321637,0.19146168226457,0.0658274488077331,0.016243654822335,0.210526315789474,0.167782738095238,0.09375,0.65625,0.5625,0.105691056910569,"male"
0.193769347182395,0.0583348771210883,0.206197827329903,0.149365351629503,0.242858776443682,0.0934934248141795,5.25123906421696,74.4264928624069,0.929916286264716,0.381853323194175,0.0899714122355632,0.193769347182395,0.0783628522638268,0.015732546705998,0.253968253968254,0.161783854166667,0.09375,0.65625,0.5625,0.133274231678487,"male"
0.194920924758581,0.056284804311077,0.208430493273543,0.148161434977578,0.242331838565022,0.0941704035874439,6.98366748747539,116.959309328753,0.924099466173896,0.314006474016017,0.0900896860986547,0.194920924758581,0.0634751795141267,0.0156709108716944,0.219178082191781,0.147959183673469,0.09375,0.3671875,0.2734375,0.0988095238095238,"male"
0.19380818884295,0.0549691047220429,0.202232811436351,0.152484683458135,0.241116405718176,0.0886317222600409,4.05790857489156,44.447039258398,0.914799705238004,0.299862702190961,0.0899659632402995,0.19380818884295,0.0831278932777531,0.016260162601626,0.25,0.230182926829268,0.0078125,1.984375,1.9765625,0.11699604743083,"male"
0.193588997357512,0.0523506508413738,0.201535947712418,0.163790849673203,0.23562091503268,0.0718300653594771,5.41771276289735,66.0911654025609,0.909692502978078,0.295222308240894,0.0901307189542484,0.193588997357512,0.0815047321003695,0.0161453077699294,0.262295081967213,0.256893382352941,0.0078125,3.2421875,3.234375,0.0817596252378861,"male"
0.198295355925475,0.0545543031690734,0.214516129032258,0.155806451612903,0.236891495601173,0.0810850439882698,3.84495938613814,33.6801134379106,0.903755352102731,0.271601074109667,0.0901173020527859,0.198295355925475,0.112022748363408,0.0176795580110497,0.275862068965517,0.277018229166667,0.0078125,2.0703125,2.0625,0.0929924242424243,"male"
0.198778045933157,0.0567545099137563,0.210615835777126,0.159706744868035,0.241612903225806,0.0819061583577713,6.23033476717346,85.9967916195863,0.905979077437424,0.307964876841787,0.0901173020527859,0.198778045933157,0.0721357331534655,0.0178970917225951,0.150943396226415,0.145559210526316,0.09375,0.421875,0.328125,0.126769626769627,"male"
0.206312235365448,0.0546417922584976,0.218515815085158,0.162992700729927,0.257518248175182,0.0945255474452555,3.9577254994291,34.319165401261,0.911215179269639,0.257629435481599,0.0900973236009732,0.206312235365448,0.0730513263239538,0.0157946692991115,0.197530864197531,0.159201388888889,0.09375,0.3828125,0.2890625,0.244471744471744,"male"
0.117777702907523,0.0795275665536098,0.111176470588235,0.0467352941176471,0.196823529411765,0.150088235294118,23.538061444201,671.834241093003,0.901913570384502,0.562834233607124,0,0.117777702907523,0.091146586297056,0.0156402737047898,0.275862068965517,0.0078125,0.0078125,0.0078125,0,0,"male"
0.105782027458949,0.0812468622288477,0.102789243277048,0.0227642276422764,0.188242651657286,0.165478424015009,27.952900675536,903.789085952628,0.893299751847538,0.553552620661496,0,0.105782027458949,0.0879181734287648,0.0161290322580645,0.266666666666667,0.0078125,0.0078125,0.0078125,0,0,"male"
0.107009363802203,0.0813125481443763,0.102787509520183,0.0251637471439452,0.188941355674029,0.163777608530084,24.7051184959792,714.696894897098,0.891347812103465,0.576778110027364,0,0.107009363802203,0.0759068561348276,0.016,0.222222222222222,0.0078125,0.0078125,0.0078125,0,0,"male"
0.119006303194228,0.083082514459029,0.10621387283237,0.0455202312138728,0.200086705202312,0.154566473988439,26.8796750661675,812.204085902479,0.883925736464032,0.604148941522196,0,0.119006303194228,0.0929609476475727,0.016359918200409,0.175824175824176,0.0078125,0.0078125,0.0078125,0,0,"male"
0.082525587877358,0.0809178670064596,0.0612449098312973,0.00830715532286213,0.129656777196044,0.121349621873182,15.8910015965496,402.932610188996,0.906001228969587,0.561683714800294,0,0.082525587877358,0.0873842080041778,0.0158102766798419,0.271186440677966,0.00797872340425532,0.0078125,0.015625,0.0078125,0.0434782608695652,"male"
0.130673638443194,0.0828815441729626,0.116964177292046,0.0822829386763813,0.204857316332726,0.122574377656345,27.7051186027703,896.650346979659,0.900402887838238,0.584463622145549,0,0.130673638443194,0.0903804422626866,0.0166147455867082,0.238805970149254,0.0078125,0.0078125,0.0078125,0,0,"male"
0.0967252773068593,0.0837995439343094,0.0868586387434555,0.0175916230366492,0.173167539267016,0.155575916230366,20.3071463551945,577.369776172301,0.939914377546979,0.687642707663771,0,0.0967252773068593,0.100796329173185,0.0163934426229508,0.271186440677966,0.00818452380952381,0.0078125,0.0234375,0.015625,0.0487804878048781,"male"
0.119976655984898,0.0814706483757461,0.10989247311828,0.0602150537634409,0.192688172043011,0.13247311827957,22.4008659515681,560.122789276745,0.854878206272153,0.505371008993446,0,0.119976655984898,0.0812011733623509,0.0157946692991115,0.262295081967213,0.0078125,0.0078125,0.0078125,0,0,"male"
0.106860842234369,0.0869554509495395,0.100670859538784,0.0140880503144654,0.191949685534591,0.177861635220126,23.8604452299705,615.527391194866,0.852858429465131,0.557141931086448,0,0.106860842234369,0.0949226956032881,0.0157946692991115,0.262295081967213,0.0078125,0.0078125,0.0078125,0,0,"male"
0.100905502373324,0.0805077394279622,0.0982456140350877,0.0292007797270955,0.176842105263158,0.147641325536062,22.6493837840808,592.563381275994,0.908473065582301,0.617015328600627,0,0.100905502373324,0.0815745824314883,0.0176017601760176,0.275862068965517,0.0078125,0.0078125,0.0078125,0,0,"male"
0.169505758654395,0.0669304039688091,0.140970537261698,0.124471403812825,0.24263431542461,0.118162911611785,2.38467152150124,10.2399484285642,0.919990544702081,0.48410065763238,0.133934142114385,0.169505758654395,0.110565779153581,0.0174102285092492,0.266666666666667,0.216145833333333,0.0078125,0.8359375,0.828125,0.143081761006289,"male"
0.16331310614408,0.0648596835367678,0.149953632148377,0.111653786707883,0.226986089644513,0.115332302936631,1.80198364920337,6.46142841289874,0.937648647119826,0.577806755724177,0.116846986089645,0.16331310614408,0.101841480111182,0.0156555772994129,0.266666666666667,0.272518382352941,0.0078125,0.6640625,0.65625,0.423809523809524,"male"
0.160925334939986,0.0686265527417239,0.173488914819137,0.0988331388564761,0.2112252042007,0.112392065344224,2.67033497020842,12.8959969123006,0.93398861581649,0.566987361855921,0.0968728121353559,0.160925334939986,0.0975134643401617,0.0199004975124378,0.271186440677966,1.14302884615385,0.09375,6.4296875,6.3359375,0.139334155363748,"male"
0.164859947416897,0.0671790412308426,0.148100748808713,0.118938053097345,0.229108236895848,0.110170183798502,1.76401584389615,6.96166172045413,0.952890368962663,0.626022586314449,0.141620149761743,0.164859947416897,0.126955522654226,0.0164948453608247,0.275862068965517,0.275275735294118,0.0078125,3.3203125,3.3125,0.0804030874785592,"male"
0.177427698163886,0.0678549794930704,0.163195266272189,0.121222879684418,0.246311637080868,0.12508875739645,1.85887734025218,6.62125783558383,0.92332238902265,0.462384649623986,0.130887573964497,0.177427698163886,0.111031615755806,0.0176600441501104,0.16,0.241508152173913,0.0078125,2.578125,2.5703125,0.105554020447637,"male"
0.176685284006914,0.0584859631323753,0.161784897025172,0.12558352402746,0.230022883295195,0.104439359267735,1.73025310567311,6.67264788316728,0.909112912359494,0.358370882437161,0.113089244851259,0.176685284006914,0.128124206391229,0.0170757737459979,0.266666666666667,0.1435546875,0.109375,0.3515625,0.2421875,0.161290322580645,"male"
0.179028925506793,0.0653684977028851,0.164453524004086,0.126414708886619,0.247681307456588,0.121266598569969,2.14188048229905,8.4931028503987,0.912944715656289,0.436573393690917,0.126414708886619,0.179028925506793,0.125992935846246,0.0266666666666667,0.181818181818182,0.440104166666667,0.0703125,5.84375,5.7734375,0.110351826792963,"male"
0.16635344904948,0.0624398466349508,0.149581205311542,0.120122574055158,0.229090909090909,0.108968335035751,1.76284490682544,6.11098092268615,0.927752864936545,0.482046843598076,0.1141164453524,0.16635344904948,0.113943951082064,0.0174291938997821,0.156862745098039,0.163671875,0.0703125,0.4453125,0.375,0.261574074074074,"male"
0.173756783156937,0.0650387286628494,0.166648793565684,0.117104557640751,0.241215370866845,0.124110813226095,2.15601834731694,7.98053123313951,0.909802802861707,0.418645037796396,0.126613047363718,0.173756783156937,0.11046081924767,0.0184331797235023,0.262295081967213,1.060546875,0.0078125,5.796875,5.7890625,0.173502317667077,"male"
0.168023267780157,0.0633074368553156,0.145769554247267,0.116568544995795,0.230782169890664,0.11421362489487,2.00976577135675,7.93820321933831,0.92611170878901,0.462042436421389,0.108561816652649,0.168023267780157,0.111528405809008,0.0161943319838057,0.246153846153846,0.155,0.078125,0.4375,0.359375,0.216485507246377,"male"
0.169352533150399,0.0681677467244382,0.142836710369488,0.11580452920143,0.239284862932062,0.123480333730632,2.0387446615484,7.54650743108177,0.921624075571978,0.482639983341197,0.120476758045292,0.169352533150399,0.111090257759365,0.0232558139534884,0.181818181818182,0.91796875,0.0078125,5.59375,5.5859375,0.239254079254079,"male"
0.13041097895475,0.0931992061016553,0.135239567233385,0.0251004636785162,0.217032457496136,0.19193199381762,27.7981815527057,834.800916337653,0.812733741209118,0.403256286457211,0,0.13041097895475,0.107764608104711,0.0187134502923977,0.170212765957447,0.0078125,0.0078125,0.0078125,0,0,"male"
0.116779075319319,0.0856950722182776,0.131991525423729,0.0258050847457627,0.166101694915254,0.140296610169492,23.359828455694,595.74437396886,0.870832328000208,0.583471233881437,0,0.116779075319319,0.1000324044869,0.0166840458811262,0.186046511627907,0.0078125,0.0078125,0.0078125,0,0,"male"
0.107161889911137,0.0849508096741648,0.114280762564991,0.0240207972270364,0.159410745233969,0.135389948006932,24.1736756558886,665.149805368341,0.920756001895339,0.676249786708773,0,0.107161889911137,0.132118679025753,0.0158102766798419,0.266666666666667,0.00824652777777778,0.0078125,0.015625,0.0078125,0.117647058823529,"male"
0.13109972671267,0.0789649427764741,0.149948006932409,0.0972963604852686,0.176880415944541,0.0795840554592721,25.3933595651196,710.135871400981,0.843430262289896,0.445144231509717,0,0.13109972671267,0.0936112192808759,0.02,0.186046511627907,0.0078125,0.0078125,0.0078125,0,0,"male"
0.126194802948069,0.0845712968083007,0.140900643316655,0.0434310221586848,0.176526090064332,0.133095067905647,28.3853548291643,880.563785235394,0.882681929870257,0.598326506099095,0,0.126194802948069,0.104771576101965,0.02,0.183908045977011,0.0190304487179487,0.0078125,0.4453125,0.4375,0.0526315789473684,"male"
0.107129882779082,0.084279163420865,0.0953552859618718,0.0288734835355286,0.172512998266898,0.143639514731369,23.9878387583179,658.305024069232,0.939773159819846,0.716469593715861,0,0.107129882779082,0.107764579843879,0.0179573512906846,0.253968253968254,0.0078125,0.0078125,0.0078125,0,0,"male"
0.164801331547495,0.0705586179864006,0.175711060948081,0.0954401805869074,0.226907449209932,0.131467268623025,18.8496032174265,459.517292194584,0.920293747487634,0.525147427249035,0.0600451467268623,0.164801331547495,0.0860937765343267,0.0163432073544433,0.271186440677966,0.0703125,0.0703125,0.0703125,0,0,"male"
0.186401506595897,0.0324119538135342,0.185514403292181,0.172378600823045,0.199572016460905,0.0271934156378601,2.87918814506105,12.0291822089286,0.844456855784704,0.233868867051645,0.173991769547325,0.186401506595897,0.180671415972352,0.0262725779967159,0.25,0.360131048387097,0.1484375,5.234375,5.0859375,0.0684587813620072,"female"
0.19192283126824,0.0419269877411575,0.19512405609493,0.178813376483279,0.217173678532902,0.0383603020496224,2.25965255073083,8.52158542052609,0.871848424054568,0.335946242828676,0.182135922330097,0.19192283126824,0.170937790980613,0.0256410256410256,0.238805970149254,0.752377717391304,0.171875,6.2421875,6.0703125,0.163273663273663,"female"
0.1868325246307,0.0274719130101093,0.184324970131422,0.173954599761051,0.204731182795699,0.0307765830346476,2.65522457238789,10.5658455873856,0.821811998371085,0.159882981645733,0.180645161290323,0.1868325246307,0.172789871128911,0.0234948604992658,0.271186440677966,0.178571428571429,0.0078125,0.2265625,0.21875,0.108928571428571,"female"
0.197305772160864,0.0217819906375073,0.200415944540728,0.186343154246101,0.212062391681109,0.0257192374350087,2.62030883259999,9.42351006305712,0.771301408172102,0.0933585548608595,0.207209705372617,0.197305772160864,0.185433702021902,0.0388349514563107,0.228571428571429,0.200721153846154,0.1640625,0.2421875,0.078125,0.183333333333333,"female"
0.189250039725731,0.0340727491545303,0.192121212121212,0.175454545454545,0.205454545454545,0.03,2.83207814694916,11.1336833410871,0.827596348599762,0.233617162344691,0.204848484848485,0.189250039725731,0.170285665538684,0.0335429769392034,0.258064516129032,0.198709239130435,0.1171875,0.2578125,0.140625,0.159090909090909,"female"
0.188018666117027,0.0275628208327805,0.186172465960666,0.175370650529501,0.200574886535552,0.0252042360060514,3.01160210918846,12.9442985753155,0.823299604535254,0.174406182260414,0.174523449319213,0.188018666117027,0.168344303883012,0.0171673819742489,0.238805970149254,0.300321691176471,0.1640625,3.5546875,3.390625,0.0680770842061165,"female"
0.187644344130451,0.0374120083308203,0.190348027842227,0.177354988399072,0.203990719257541,0.0266357308584687,3.26808265363837,14.7461927054871,0.844560172573075,0.292672855503867,0.19262180974478,0.187644344130451,0.161196081314275,0.0156709108716944,0.231884057971014,1.04190340909091,0.1796875,6.609375,6.4296875,0.141410634727767,"female"
0.180852713671262,0.0433094708760516,0.190545454545455,0.175272727272727,0.201818181818182,0.0265454545454545,2.78835722419638,11.0007262940724,0.848477535762097,0.325606223406289,0.199636363636364,0.180852713671262,0.176607248808146,0.0164609053497942,0.271186440677966,0.188419117647059,0.0546875,0.2265625,0.171875,0.167613636363636,"female"
0.184779551948322,0.0287318454046381,0.184285714285714,0.174285714285714,0.196734693877551,0.0224489795918367,3.04445155957582,12.7386152002628,0.817356762959359,0.186539246886538,0.18530612244898,0.184779551948322,0.165488663712878,0.016243654822335,0.262295081967213,0.829861111111111,0.0859375,6.5390625,6.453125,0.207090971982013,"female"
0.187345300001395,0.0312077142551338,0.186529411764706,0.179117647058824,0.198470588235294,0.0193529411764706,4.11441519831586,24.8803048408609,0.806933976208356,0.230160408787851,0.184470588235294,0.187345300001395,0.151647398588339,0.0161453077699294,0.266666666666667,1.189453125,0.1796875,6.578125,6.3984375,0.270655270655271,"female"
0.189567466493383,0.0380966683852686,0.190733262486716,0.178235919234857,0.206801275239107,0.0285653560042508,2.96357496634258,12.8268393991979,0.856473946534033,0.315006446323371,0.179128586609989,0.189567466493383,0.173298507302206,0.0174102285092492,0.271186440677966,0.888346354166667,0.1796875,4.8515625,4.671875,0.192962047404391,"female"
0.183550650163004,0.033171854034331,0.187810858143608,0.17800350262697,0.196637478108581,0.0186339754816112,3.36145526876538,14.4225625924308,0.785317613957902,0.235786121483221,0.192714535901926,0.183550650163004,0.177953383405016,0.060377358490566,0.246153846153846,0.622596153846154,0.1796875,5.765625,5.5859375,0.167132867132867,"female"
0.189283041596396,0.0371834182724325,0.191775938892425,0.178943348185869,0.20995544239338,0.0310120942075112,2.55785192127827,9.82653525072522,0.851283957613914,0.266139128644388,0.190884786760025,0.189283041596396,0.165715976135866,0.0161290322580645,0.266666666666667,1.25247713414634,0.0703125,6.6328125,6.5625,0.208839285714286,"female"
0.19192902093026,0.0306272153515427,0.193333333333333,0.179333333333333,0.207666666666667,0.0283333333333333,2.10857021632109,6.85356716499008,0.841786337555293,0.221897599862614,0.182666666666667,0.19192902093026,0.166840027478552,0.0297951582867784,0.225352112676056,0.769345238095238,0.171875,6.5390625,6.3671875,0.0602453987730061,"female"
0.186319651107048,0.0363774029499385,0.188652482269504,0.176406619385343,0.204869976359338,0.0284633569739953,3.00240693156648,13.2309198593992,0.841922214562249,0.290095569118706,0.176075650118203,0.186319651107048,0.173818981033636,0.0173160173160173,0.266666666666667,0.489955357142857,0.1796875,5.3359375,5.15625,0.0692424242424242,"female"
0.186823415009891,0.035517863729765,0.188380634390651,0.174590984974958,0.204741235392321,0.0301502504173623,2.46707729122355,8.93537011615335,0.850902183729585,0.263912065318168,0.176227045075125,0.186823415009891,0.177238311767747,0.0344086021505376,0.246153846153846,0.685614224137931,0.0078125,6.78125,6.7734375,0.159895766585501,"female"
0.182894612858885,0.0336303061440543,0.185045317220544,0.172990936555891,0.194984894259819,0.0219939577039275,3.91459870920593,22.5089400658515,0.828363103513198,0.24862486641135,0.184622356495468,0.182894612858885,0.171047125202482,0.0251572327044025,0.258064516129032,0.902573529411765,0.1640625,6.8828125,6.71875,0.192107117688513,"female"
0.181308457982656,0.0375128400902508,0.184124513618677,0.1715953307393,0.196108949416342,0.0245136186770428,3.11917812620249,13.2436883718437,0.844031281058412,0.291376463102175,0.187120622568093,0.181308457982656,0.175215414534758,0.0198757763975155,0.238805970149254,0.185997596153846,0.0703125,0.2421875,0.171875,0.130909090909091,"female"
0.185120342428267,0.0416377770392889,0.185396825396825,0.173650793650794,0.20952380952381,0.0358730158730159,2.94470472480082,13.6235429702118,0.8557296429821,0.305585082265286,0.180952380952381,0.185120342428267,0.18902344850504,0.111111111111111,0.258064516129032,0.497395833333333,0.046875,6.640625,6.59375,0.101836492890995,"female"
0.190998294853453,0.0399621252598214,0.195285540704739,0.175552855407047,0.218080194410693,0.0425273390036452,2.23233291622173,7.72622899805979,0.856137732147251,0.2978981980083,0.219781287970838,0.190998294853453,0.186402165815818,0.0180995475113122,0.275862068965517,0.526953125,0.0546875,6.84375,6.7890625,0.0553570347041366,"female"
0.193185695882111,0.0336296896810172,0.196781115879828,0.178755364806867,0.213605150214592,0.0348497854077253,2.03189948591954,6.14620871928162,0.837581958265865,0.225432190774999,0.201287553648069,0.193185695882111,0.190417331363809,0.0963855421686747,0.271186440677966,0.895720108695652,0.1796875,5.53125,5.3515625,0.265361645653616,"female"
0.185433437418597,0.0278725024824166,0.180916271721959,0.172069510268562,0.200379146919431,0.0283096366508689,2.87083706013916,11.7005016714942,0.793607005034901,0.157988598838907,0.175165876777251,0.185433437418597,0.163497440739752,0.0399002493765586,0.225352112676056,0.975520833333333,0.171875,3.65625,3.484375,0.24791800128123,"female"
0.198801928042281,0.0373810569648931,0.207776365946633,0.183939008894536,0.218449809402795,0.0345108005082592,2.79094825544742,12.1811310280223,0.846554003485662,0.255993824291828,0.212757306226175,0.198801928042281,0.19188075579814,0.049079754601227,0.228571428571429,0.3984375,0.1640625,3.9140625,3.75,0.112268518518519,"female"
0.192037631050734,0.0329988099418335,0.192880921895006,0.178181818181818,0.206504481434059,0.0283226632522407,2.74877776948503,10.5690150700423,0.82568899661531,0.220534124257839,0.200051216389245,0.192037631050734,0.188744752308473,0.087431693989071,0.242424242424242,1.03289473684211,0.171875,6.609375,6.4375,0.27514832793959,"female"
0.193316902793804,0.0361897527629694,0.195978674790556,0.182117288651942,0.212185833968012,0.0300685453160701,2.67954391630506,10.2043514653659,0.854583570994723,0.281480904743352,0.192140137090632,0.193316902793804,0.185904953196468,0.0318091451292247,0.271186440677966,0.6734375,0.0078125,5.9453125,5.9375,0.169620743034056,"female"
0.191786002240127,0.035776790990714,0.194210139603233,0.177134459955915,0.209845701689934,0.0327112417340191,2.69243681875335,10.9947384823917,0.846462905295415,0.240427697974659,0.177545922116091,0.191786002240127,0.173011795317356,0.0157790927021696,0.238805970149254,0.646205357142857,0.1640625,6.515625,6.3515625,0.132226322263223,"female"
0.180395779280583,0.0386098697805787,0.178684210526316,0.171578947368421,0.195526315789474,0.0239473684210526,4.35623860296492,25.6918135606325,0.837863082409473,0.303457724131587,0.173684210526316,0.180395779280583,0.169672560944711,0.015984015984016,0.238805970149254,0.907407407407407,0.15625,6.890625,6.734375,0.114849187935035,"female"
0.192957299792821,0.0360702065528388,0.190204081632653,0.182857142857143,0.209387755102041,0.026530612244898,4.01069942804946,23.1182936142933,0.826471781587861,0.248714332991098,0.186530612244898,0.192957299792821,0.180490342401016,0.0257234726688103,0.262295081967213,0.79931640625,0.125,6.53125,6.40625,0.169837398373984,"female"
0.187567147924396,0.0332570073340088,0.187623931623932,0.176615384615385,0.201504273504273,0.0248888888888889,2.6380493406843,9.70481191929966,0.819202133479658,0.234400594130582,0.180923076923077,0.187567147924396,0.180885691959425,0.0228571428571429,0.235294117647059,0.197716346153846,0.1640625,0.234375,0.0703125,0.37037037037037,"female"
0.189139373367102,0.0412811861110769,0.187994310099573,0.17923186344239,0.21149359886202,0.0322617354196302,3.8635406232552,21.6108776979731,0.853805597347911,0.345440102629679,0.18321479374111,0.189139373367102,0.174858811592865,0.0189798339264531,0.228571428571429,0.802389705882353,0.1796875,6.6484375,6.46875,0.19987922705314,"female"
0.193135576002539,0.0343176676604904,0.193870967741935,0.182258064516129,0.207741935483871,0.025483870967742,3.08960814774386,13.2068246122293,0.836832569323846,0.254125369645162,0.199354838709677,0.193135576002539,0.161904095173242,0.0166840458811262,0.25,1.86221590909091,0.171875,6.7734375,6.6015625,0.408903916596224,"female"
0.195470071981501,0.0451590492824022,0.203083604777416,0.183930510314875,0.222844733984799,0.038914223669924,1.89771688278034,5.93958453237947,0.879409939667598,0.346059998611302,0.213420195439739,0.195470071981501,0.167883338104847,0.0232558139534884,0.246153846153846,0.797554347826087,0.0625,5.078125,5.015625,0.204687057490796,"female"
0.19483881709358,0.0530638189912414,0.199830747531735,0.178899858956276,0.22984485190409,0.0509449929478138,2.07271947713741,7.57389190859956,0.91867224095197,0.464611332207112,0.193906911142454,0.19483881709358,0.152994524613383,0.0473840078973346,0.27906976744186,1.54510613207547,0.046875,7.5703125,7.5234375,0.12785046728972,"female"
0.193274272653022,0.045981453712077,0.1938125,0.174125,0.224,0.049875,2.42606136282326,9.96664051514287,0.885396732926654,0.367164693258995,0.1925,0.193274272653022,0.164968092908773,0.0477611940298507,0.266666666666667,0.80859375,0.0234375,4.078125,4.0546875,0.126264450867052,"female"
0.179755017468524,0.0574531128483507,0.172495636998255,0.151483420593368,0.228202443280977,0.0767190226876091,1.92399876748895,7.01730852448409,0.921624882586247,0.512005179761436,0.150994764397906,0.179755017468524,0.149034348889202,0.0473840078973346,0.277456647398844,0.819791666666667,0.0234375,9.7265625,9.703125,0.0872859025032938,"female"
0.203086747600105,0.0500048939943133,0.207334273624824,0.161918194640338,0.24722143864598,0.0853032440056417,1.22891423905878,4.82559535680373,0.904812419085412,0.319021119785031,0.148095909732017,0.203086747600105,0.143629842212148,0.047244094488189,0.277456647398844,1.34201388888889,0.0234375,8.484375,8.4609375,0.128184237683993,"female"
0.180709738038606,0.043348347309915,0.179052631578947,0.153631578947368,0.206315789473684,0.0526842105263158,2.62148854956966,11.3027987190893,0.883110095532923,0.354175927726464,0.154368421052632,0.180709738038606,0.142983800354243,0.0471050049067713,0.27906976744186,1.59673295454545,0.0234375,7.2421875,7.21875,0.129671349059104,"female"
0.185590296978482,0.0559527543801621,0.196193103448276,0.160662068965517,0.226703448275862,0.0660413793103448,1.80033817981736,5.76197047484297,0.929774557147234,0.552873586181798,0.227862068965517,0.185590296978482,0.150058407674335,0.0471512770137525,0.277456647398844,1.61300223214286,0.0234375,10.453125,10.4296875,0.109857960568158,"female"
0.160934429107171,0.0672889410331854,0.187533156498674,0.101379310344828,0.216498673740053,0.115119363395225,2.09631194294345,7.31005423595419,0.943913017540472,0.59843082696161,0.222440318302387,0.160934429107171,0.161901865535951,0.0470588235294118,0.27906976744186,1.35172193877551,0.0234375,9.5859375,9.5625,0.121808025535796,"female"
0.180561523840629,0.0655966339088139,0.186066838046272,0.151156812339332,0.228894601542416,0.0777377892030848,1.32733853871486,4.68398485433862,0.945787012605047,0.604101029487134,0.164832904884319,0.180561523840629,0.141001331033926,0.0469208211143695,0.27906976744186,1.19573863636364,0.0234375,9.609375,9.5859375,0.0900244498777506,"female"
0.17858701106631,0.0446522264350083,0.17941018766756,0.159892761394102,0.201930294906166,0.0420375335120644,2.05338215348486,6.65308762490608,0.885342275887073,0.38855236743372,0.174906166219839,0.17858701106631,0.155340154993032,0.0498442367601246,0.27906976744186,1.60727163461538,0.0234375,8.1328125,8.109375,0.08747591522158,"female"
0.190331163922294,0.0468099325384632,0.185283950617284,0.157283950617284,0.218469135802469,0.0611851851851852,2.47758232297316,12.0164123666057,0.892427118178554,0.335346236295994,0.184592592592593,0.190331163922294,0.148003766462156,0.0469667318982388,0.27906976744186,1.88691737288136,0.1640625,8.296875,8.1328125,0.193869531045324,"female"
0.18975395060569,0.0433416522981048,0.193270440251572,0.165094339622642,0.213962264150943,0.0488679245283019,1.69748954709669,5.56550862065081,0.89263113810698,0.354475490050467,0.193270440251572,0.18975395060569,0.145676318468119,0.0469208211143695,0.274285714285714,1.14283288043478,0.0234375,6.1640625,6.140625,0.120095863660572,"female"
0.169863389417439,0.0533483639995632,0.174295302013423,0.150335570469799,0.204362416107383,0.0540268456375839,2.45586866662178,10.0871574691475,0.908046279881084,0.504679033015832,0.151744966442953,0.169863389417439,0.140055364509282,0.049079754601227,0.27906976744186,1.05414244186047,0.09375,5.90625,5.8125,0.129536290322581,"female"
0.194338406822754,0.0455738385984258,0.199559902200489,0.16841075794621,0.225574572127139,0.0571638141809291,1.13375994515146,3.21055978009584,0.908138606007873,0.372298660701871,0.179364303178484,0.194338406822754,0.143626558202777,0.0469667318982388,0.27906976744186,1.619140625,0.0234375,9.0234375,9,0.146205357142857,"female"
0.185102313941524,0.0472333005650212,0.175616,0.157696,0.219968,0.062272,2.32891857025634,9.04217578718267,0.883297605354076,0.362863208605485,0.158144,0.185102313941524,0.153339164177875,0.0487309644670051,0.277456647398844,1.31752232142857,0.0234375,7.078125,7.0546875,0.156884459210041,"female"
0.163750015306424,0.062138439287266,0.168711433756806,0.141778584392015,0.206823956442831,0.0650453720508167,2.24170501044986,8.41029285632751,0.93436219949718,0.604550120989318,0.204283121597096,0.163750015306424,0.141644503253813,0.0471512770137525,0.277456647398844,1.224609375,0.046875,8.953125,8.90625,0.0945112781954887,"female"
0.158723986675991,0.0745299500506186,0.15952023988006,0.0969715142428786,0.229205397301349,0.132233883058471,1.11200475549463,5.41930140321282,0.973867450590781,0.717528776256245,0.253133433283358,0.158723986675991,0.145320653004134,0.0484848484848485,0.272727272727273,1.34790558510638,0.0234375,10.2890625,10.265625,0.0942975469894871,"female"
0.191305826689998,0.0448295866251706,0.188204283360791,0.166985172981878,0.213113673805601,0.0461285008237232,1.97942748734587,6.75286999731443,0.879441639155163,0.326392689068145,0.177594728171334,0.191305826689998,0.139455244576878,0.0472906403940887,0.277456647398844,1.27864583333333,0.1640625,8.71875,8.5546875,0.0993947116916215,"female"
0.17380108285868,0.0552981801787158,0.174733637747336,0.147458143074581,0.206697108066971,0.0592389649923897,2.30387980100099,8.67464846795919,0.910963999883577,0.488688805063039,0.143622526636225,0.17380108285868,0.137393700633444,0.0475718533201189,0.275862068965517,1.27836277173913,0.0234375,8.5078125,8.484375,0.104643514864509,"female"
0.190493802899353,0.0445900849718189,0.195398773006135,0.171349693251534,0.223742331288344,0.0523926380368098,1.93106604060884,6.08265249122626,0.875373045148159,0.339404119001508,0.225030674846626,0.190493802899353,0.145604034327891,0.047808764940239,0.275862068965517,1.86633831521739,0.0234375,8.8125,8.7890625,0.162095238095238,"female"
0.199900982958619,0.0615691468309581,0.213206951026856,0.176050552922591,0.245055292259084,0.0690047393364929,1.51986201404434,4.59669749167469,0.918118983432127,0.478149548013573,0.248151658767773,0.199900982958619,0.164026447575561,0.0476663356504469,0.277456647398844,1.46875,0.0234375,9.3984375,9.375,0.124147727272727,"female"
0.168873089196508,0.0617694694386273,0.176676056338028,0.15143661971831,0.200338028169014,0.0489014084507042,2.55665085166814,10.1022612044673,0.918604407794423,0.523272313029294,0.166816901408451,0.168873089196508,0.135782395321825,0.0471050049067713,0.268156424581006,1.13360969387755,0.0234375,9.0703125,9.046875,0.086674926785312,"female"
0.174468008877461,0.0633515530393842,0.189399707174231,0.135285505124451,0.215636896046852,0.0803513909224012,3.47449224044771,19.1975397227,0.940980110158354,0.613698489343943,0.213997071742313,0.174468008877461,0.150416228741391,0.0471050049067713,0.27906976744186,1.30197704081633,0.09375,8.4609375,8.3671875,0.146804176215941,"female"
0.211902102485605,0.0604316468593672,0.225154639175258,0.177525773195876,0.262680412371134,0.0851546391752577,3.5090787198492,17.9937169527283,0.894024553220782,0.401002253965738,0.262319587628866,0.211902102485605,0.155451300465143,0.0477611940298507,0.27906976744186,1.89401533018868,0.0703125,11.015625,10.9453125,0.109207708779443,"female"
0.192090407599653,0.0501226021055655,0.194931880108992,0.166702997275204,0.214386920980926,0.0476839237057221,1.58209249166075,4.84836091018962,0.902525213224872,0.401290540547571,0.207901907356948,0.192090407599653,0.14084950998223,0.0486815415821501,0.27906976744186,1.55882352941176,0.0234375,18.1875,18.1640625,0.0692566619915849,"female"
0.205179994180567,0.0379207982607139,0.206888888888889,0.184333333333333,0.220888888888889,0.0365555555555555,2.62401962191835,10.8573252571324,0.859818587922462,0.244618671572186,0.215833333333333,0.205179994180567,0.151647129075334,0.048048048048048,0.27906976744186,0.667747641509434,0.0234375,5.2734375,5.25,0.0474439775910364,"female"
0.197103599391761,0.0467225784579221,0.2065,0.180055555555556,0.224388888888889,0.0443333333333333,2.62198920905738,12.5806816380353,0.890682605572054,0.364712959664183,0.216611111111111,0.197103599391761,0.159288911043177,0.0471512770137525,0.27906976744186,1.68290441176471,0.1171875,9.1640625,9.046875,0.109779792746114,"female"
0.179855479214378,0.0508848234252964,0.18859872611465,0.161847133757962,0.208216560509554,0.0463694267515924,1.95153934321353,6.55829524374086,0.907205064481848,0.469672239319308,0.197515923566879,0.179855479214378,0.141465936254445,0.0471512770137525,0.272727272727273,1.86253324468085,0.0234375,9.703125,9.6796875,0.173453664979089,"female"
0.212057894856029,0.0449633772012851,0.220871934604905,0.190735694822888,0.245286103542234,0.054550408719346,1.40354259360893,4.07372932691556,0.888269381965804,0.301402991376708,0.220871934604905,0.212057894856029,0.152778654599147,0.0472906403940887,0.27906976744186,0.745738636363636,0.0234375,4.6171875,4.59375,0.120619946091644,"female"
0.198008914181681,0.0331414047144636,0.194492753623188,0.174202898550725,0.225217391304348,0.0510144927536232,1.63561524770761,4.83107663034816,0.863505488384003,0.184721853317203,0.228695652173913,0.198008914181681,0.156369098064518,0.0476663356504469,0.274285714285714,1.00896516393443,0.0234375,8.90625,8.8828125,0.0640069147484305,"female"
0.186863525578074,0.0444019635468722,0.183479674796748,0.159349593495935,0.218536585365854,0.0591869918699187,2.35654581051629,8.10284212753571,0.870049379353802,0.341310035590924,0.158439024390244,0.186863525578074,0.144735458106976,0.0473372781065089,0.27906976744186,0.999441964285714,0.0234375,8.9296875,8.90625,0.092382271468144,"female"
0.182312372171057,0.039541110874359,0.180569514237856,0.161809045226131,0.200268006700168,0.0384589614740369,1.83017542350835,5.49071465837439,0.868161013716811,0.299374942041647,0.182914572864322,0.182312372171057,0.134339122383445,0.0476663356504469,0.262295081967213,1.42205668604651,0.0234375,8.7890625,8.765625,0.097626190165645,"female"
0.184853085439977,0.0793287312806984,0.210448717948718,0.136410256410256,0.254871794871795,0.118461538461538,1.92451788591706,7.01693091364456,0.939643074905705,0.567738596347393,0.259358974358974,0.184853085439977,0.154314707813532,0.0551090700344432,0.271186440677966,1.04017857142857,0.0234375,5.1796875,5.15625,0.10970515970516,"female"
0.187259681638463,0.0385344439180448,0.185648021828104,0.171132332878581,0.207421555252387,0.0362892223738063,2.3371590275706,9.16286884721801,0.871786822705192,0.299992285194633,0.181828103683492,0.187259681638463,0.14850918807445,0.0496380558428128,0.275862068965517,1.44010416666667,0.0234375,6.609375,6.5859375,0.182890237945712,"female"
0.22002344290687,0.0473509505401102,0.229451327433628,0.177911504424779,0.265132743362832,0.0872212389380531,1.79134110867945,6.02246793458176,0.867843126848296,0.225243628655689,0.27058407079646,0.22002344290687,0.161509449857551,0.0530973451327434,0.277456647398844,1.7736328125,0.0234375,7.734375,7.7109375,0.113802967995709,"female"
0.204051735506676,0.0498571336199908,0.206831275720165,0.168230452674897,0.247736625514403,0.0795061728395062,1.59186064877985,5.74023611312096,0.887928868353551,0.327511850948412,0.169958847736626,0.204051735506676,0.15954349988857,0.0505263157894737,0.277456647398844,0.713465073529412,0.0234375,3.9609375,3.9375,0.081547619047619,"female"
0.189495767305683,0.0434274508609697,0.197010309278351,0.172113402061856,0.210360824742268,0.0382474226804124,2.56723461473465,10.710449367673,0.883829627272873,0.363339073592115,0.204226804123711,0.189495767305683,0.150130659356314,0.0469667318982388,0.27906976744186,1.35100446428571,0.0234375,10.9453125,10.921875,0.0886843842852427,"female"
0.20100192298155,0.0426667764157149,0.204084507042254,0.175,0.234154929577465,0.0591549295774648,1.9645571928258,6.36563736943183,0.869157428054905,0.29439319513879,0.175985915492958,0.20100192298155,0.157768252080719,0.0471512770137525,0.27906976744186,1.85896381578947,0.0234375,5.953125,5.9296875,0.196516798418972,"female"
0.166054206641777,0.0539102177597736,0.178804347826087,0.153695652173913,0.196304347826087,0.0426086956521739,2.27211671132499,8.07113524876655,0.91041428504388,0.501525750502145,0.192880434782609,0.166054206641777,0.14309946136101,0.0476663356504469,0.277456647398844,1.64188058035714,0.0234375,9.3515625,9.328125,0.0752346638854651,"female"
0.202306162418119,0.0467297772601888,0.201,0.1805,0.236,0.0555,1.59984887606531,5.53567340175631,0.896180033509978,0.36410782897928,0.183,0.202306162418119,0.151699877520111,0.0471976401179941,0.277456647398844,0.622677364864865,0.0234375,4.4296875,4.40625,0.0864741641337386,"female"
0.177583116656651,0.0388309296208687,0.177975708502024,0.151902834008097,0.195546558704453,0.0436437246963563,1.98710170237823,7.00265676856985,0.856226555029896,0.284067448174325,0.150769230769231,0.177583116656651,0.146794808521027,0.048,0.275862068965517,0.977008928571429,0.0234375,6.4921875,6.46875,0.0845410628019324,"female"
0.187030583527253,0.0437384449676936,0.176865203761755,0.158432601880878,0.208025078369906,0.0495924764890282,2.59561334751719,13.2959514747699,0.880901148128578,0.296270079944525,0.167210031347962,0.187030583527253,0.133694378769492,0.0473840078973346,0.269662921348315,1.2365625,0.0234375,6.8671875,6.84375,0.09724600456621,"female"
0.180513269839872,0.0794665799229761,0.206608695652174,0.104,0.253565217391304,0.149565217391304,2.078065273337,8.11562871586769,0.951194320088337,0.617184936051564,0.263304347826087,0.180513269839872,0.143075069098355,0.0478564307078764,0.277456647398844,1.57784598214286,0.0234375,12.75,12.7265625,0.0901310800563319,"female"
0.181741360772348,0.0378601018967809,0.183343653250774,0.163839009287926,0.20328173374613,0.0394427244582043,2.13159901926303,6.84509567325811,0.852562612946395,0.285937688817945,0.16687306501548,0.181741360772348,0.149591988113236,0.0487804878048781,0.27906976744186,1.50847739361702,0.0234375,8.4609375,8.4375,0.0829457364341085,"female"
0.179513902680848,0.037889903097223,0.181748071979434,0.161953727506427,0.191105398457584,0.0291516709511568,4.14754709838444,25.5920683369761,0.8520203346565,0.291314925653306,0.183547557840617,0.179513902680848,0.130952617674637,0.0469208211143695,0.277456647398844,1.33862704918033,0.0234375,8.4140625,8.390625,0.0793958905406685,"female"
0.190810773078855,0.0409337577350205,0.194187582562748,0.168295904887715,0.214900924702774,0.0466050198150594,2.38801119636892,9.34008216659264,0.880138055312958,0.318599058801784,0.199365918097754,0.190810773078855,0.147888196355116,0.0470127326150832,0.277456647398844,1.15583881578947,0.0234375,7.7578125,7.734375,0.0815894797026872,"female"
0.193120769291183,0.0435487445243825,0.19587253414264,0.170804248861912,0.221365705614568,0.0505614567526555,1.51520286666567,4.49462060897207,0.885225294932021,0.334324158188218,0.219241274658574,0.193120769291183,0.152384897185388,0.0472906403940887,0.277456647398844,2.13185586734694,0.0234375,12.1171875,12.09375,0.128286147623862,"female"
0.173024837825171,0.0667877683934677,0.198179148311307,0.136505139500734,0.219970631424376,0.0834654919236417,2.15849948764445,7.6936854465421,0.9323816389845,0.554139702033083,0.205168869309838,0.173024837825171,0.152430588818398,0.0470127326150832,0.275862068965517,1.38042091836735,0.09375,6.9609375,6.8671875,0.10580204778157,"female"
0.200231749861216,0.0653718430785166,0.2173055028463,0.171612903225806,0.251840607210626,0.0802277039848197,2.22403432774938,9.34037605846266,0.92250439917368,0.527151620763076,0.218899430740038,0.200231749861216,0.163741212051554,0.047713717693837,0.272727272727273,0.976973684210526,0.0234375,8.15625,8.1328125,0.0828324413338823,"female"
0.206318834187085,0.0425376844777278,0.197831775700935,0.172710280373832,0.246504672897196,0.0737943925233645,3.32571943600675,19.5605221809878,0.859520547162236,0.220904133910237,0.171663551401869,0.206318834187085,0.169108063996485,0.0472906403940887,0.27906976744186,1.25647865853659,0.0234375,9.3046875,9.28125,0.139330808080808,"female"
0.187251561881331,0.0545397535028135,0.18978229317852,0.151582002902758,0.22066763425254,0.0690856313497823,1.03687351575847,2.99356281072626,0.92075968660963,0.460696302962786,0.145486211901306,0.187251561881331,0.141280628872695,0.0473840078973346,0.277456647398844,1.6865625,0.09375,8.7890625,8.6953125,0.115551388726122,"female"
0.134672886829378,0.0703098278987893,0.148235294117647,0.0662745098039216,0.190196078431373,0.123921568627451,1.19634564867222,5.2953737445448,0.962068922340221,0.665674650271089,0.186274509803922,0.134672886829378,0.152537794721054,0.0474308300395257,0.27906976744186,1.3725,0.0234375,7.359375,7.3359375,0.12561719430729,"female"
0.205159418801578,0.0395432704478019,0.210804597701149,0.186666666666667,0.228908045977012,0.0422413793103449,2.09968304332474,7.56220945968903,0.876002115211765,0.271879949010303,0.224885057471264,0.205159418801578,0.154735642338436,0.0471050049067713,0.277456647398844,1.57883522727273,0.1875,10.8046875,10.6171875,0.113644082187129,"female"
0.194693506678727,0.0378312613767078,0.199457831325301,0.173734939759036,0.217168674698795,0.043433734939759,1.92042441134404,5.98903133326216,0.865548327502689,0.277556515859362,0.199457831325301,0.194693506678727,0.14487854610624,0.0477611940298507,0.268156424581006,1.96653891509434,0.140625,9.2578125,9.1171875,0.16299189242634,"female"
0.178734544835542,0.0501384229996101,0.183348148148148,0.158459259259259,0.2016,0.0431407407407407,2.01620966555394,6.48411304377436,0.901218707482169,0.453775795353667,0.198281481481481,0.178734544835542,0.154840541913101,0.047713717693837,0.27906976744186,1.57453125,0.0234375,10.8515625,10.828125,0.128317334839074,"female"
0.196899112841832,0.0494708320291033,0.208224299065421,0.190280373831776,0.222803738317757,0.0325233644859813,2.64085627709906,9.83145837123781,0.869026887858847,0.372147594748677,0.22018691588785,0.196899112841832,0.157693181286439,0.0469208211143695,0.274285714285714,1.99986530172414,0.140625,9.5625,9.421875,0.136060767590618,"female"
0.189529462505421,0.0407544645499483,0.187206946454414,0.167351664254703,0.209493487698987,0.0421418234442837,2.18907751563675,8.59296189678778,0.880215400738062,0.311531365318654,0.181534008683068,0.189529462505421,0.142143137803959,0.0475247524752475,0.274285714285714,0.916619318181818,0.0234375,7.8046875,7.78125,0.0660977242302543,"female"
0.151861930140704,0.0686296610564353,0.1526,0.0942666666666667,0.200666666666667,0.1064,0.285020285278409,3.61887332827161,0.975012866951145,0.73288586689228,0.1904,0.151861930140704,0.159553024873735,0.0491803278688525,0.272727272727273,1.95862926136364,0.0234375,9.46875,9.4453125,0.16712158808933,"female"
0.205296017300305,0.0437046167557567,0.212431444241316,0.181206581352834,0.233930530164534,0.0527239488117002,1.74471901455172,5.48843433646673,0.877418258759795,0.323796262924368,0.179159049360146,0.205296017300305,0.162322317406366,0.0473840078973346,0.271186440677966,2.1064453125,0.0234375,11.6484375,11.625,0.123099078341014,"female"
0.1755808951667,0.06141440929012,0.182556818181818,0.157897727272727,0.220738636363636,0.0628409090909091,1.86777995995647,6.32340979791567,0.925413399208143,0.534688943364003,0.168636363636364,0.1755808951667,0.149722172076874,0.0488301119023398,0.27906976744186,2.19944852941176,0.0234375,10.4296875,10.40625,0.133457926011118,"female"
0.166966293543948,0.0346440602441312,0.163892806770099,0.155204513399154,0.17179125528914,0.0165867418899859,3.96646024531351,20.1331015994714,0.802349312592506,0.253989049167766,0.157574047954866,0.166966293543948,0.142839232663159,0.0470127326150832,0.268156424581006,1.37386363636364,0.0234375,9.5390625,9.515625,0.120689655172414,"female"
0.1641799339447,0.0918690503643988,0.187467811158798,0.068898426323319,0.249155937052933,0.180257510729614,1.63321041449478,6.48370836753717,0.956099675593024,0.722645812032695,0.273190271816881,0.1641799339447,0.201400303330496,0.0279232111692845,0.275862068965517,0.482291666666667,0.0078125,2.3125,2.3046875,0.234624697336562,"female"
0.132305629336111,0.0858393174794334,0.107794994040524,0.0543980929678188,0.212252681764005,0.157854588796186,0.692270636425995,3.41305904479144,0.975726802127719,0.813629514733382,0.0360429082240763,0.132305629336111,0.198033752655251,0.0484848484848485,0.271186440677966,0.571514423076923,0.03125,1.390625,1.359375,0.459770114942529,"female"
0.146526322055625,0.0859995446115212,0.172287822878229,0.057859778597786,0.221623616236162,0.163763837638376,1.34394388464305,5.26209955447575,0.970294765833422,0.786881098795837,0.223948339483395,0.146526322055625,0.196802377484721,0.0200250312891114,0.275862068965517,0.524639423076923,0.0078125,4.09375,4.0859375,0.182026768642447,"female"
0.115789284724308,0.0811025894857219,0.102196796338673,0.0381235697940503,0.193180778032037,0.155057208237986,1.62043887720611,6.6007491979307,0.962574467617834,0.746873491045316,0.0176201372997712,0.115789284724308,0.200909873743562,0.0758293838862559,0.258064516129032,0.452256944444444,0.0078125,1.578125,1.5703125,0.250932835820896,"female"
0.138592213762629,0.0797699269917081,0.144938036224976,0.0675309818875119,0.202592945662536,0.135061963775024,1.94277805211212,9.04130258355755,0.971585962569484,0.803049830493625,0.192183031458532,0.138592213762629,0.18523292489375,0.0565371024734982,0.271186440677966,0.533110119047619,0.015625,3.0859375,3.0703125,0.18587786259542,"female"
0.174879768502411,0.0905056562396848,0.214117647058824,0.0792368839427663,0.250174880763116,0.17093799682035,1.65150532187978,5.56190944873847,0.942396787376618,0.650659808485601,0.27510333863275,0.174879768502411,0.205049684443531,0.0367816091954023,0.275862068965517,1.05,0.0234375,4.6328125,4.609375,0.290395480225989,"female"
0.210423883672401,0.0436864186773793,0.213047433398311,0.190669265756985,0.240155945419103,0.0494866796621182,1.75132496752456,6.00735155182645,0.894808397890061,0.22951832846605,0.236335282651072,0.210423883672401,0.148035868816499,0.0199750312109863,0.266666666666667,0.231971153846154,0.109375,0.359375,0.25,0.170138888888889,"female"
0.213026390757068,0.0455110675603672,0.216213017751479,0.191913214990138,0.248520710059172,0.0566074950690336,1.65445284009256,5.39425902764356,0.886415596567847,0.223276634737127,0.196055226824458,0.213026390757068,0.130560651404591,0.015732546705998,0.271186440677966,0.236886160714286,0.109375,0.3125,0.203125,0.189458689458689,"female"
0.211406723822343,0.0483199333464157,0.215475189234651,0.186274179983179,0.248915054667788,0.0626408746846089,1.37662166385302,4.46455338809694,0.9020570411515,0.253573825963585,0.257157275021026,0.211406723822343,0.155632079062039,0.0158572844400396,0.275862068965517,0.559326171875,0.1640625,4.2890625,4.125,0.150659824046921,"female"